{"cameraMode":{"drawMode":0,"name":"Shaded","section":"Shading Mode"},"sceneLighting":true,"audioPlay":false,"sceneViewState":{"m_AlwaysRefresh":false,"showFog":true,"showSkybox":true,"showFlares":true,"showImageEffects":true,"showParticleSystems":true,"showVisualEffectGraphs":true,"m_FxEnabled":true},"in2DMode":false,"pivot":{"x":-3.3504137992858888,"y":2.6759986877441408,"z":1.708972454071045},"rotation":{"x":-0.007440915331244469,"y":0.9708191156387329,"z":-0.23789244890213014,"w":-0.030293773859739305},"size":13.608617782592774,"orthographic":false}