{"cameraMode":{"drawMode":0,"name":"Shaded","section":"Shading Mode"},"sceneLighting":false,"audioPlay":false,"sceneViewState":{"m_AlwaysRefresh":false,"showFog":true,"showSkybox":false,"showFlares":true,"showImageEffects":true,"showParticleSystems":true,"showVisualEffectGraphs":true,"m_FxEnabled":true},"in2DMode":false,"pivot":{"x":0.6823590397834778,"y":-0.10681939125061035,"z":-0.21951456367969514},"rotation":{"x":-0.06747152656316757,"y":-0.930233895778656,"z":0.21878719329833985,"w":-0.2868283689022064},"size":3.647366762161255,"orthographic":false}